{"cameraMode":{"drawMode":0,"name":"Shaded","section":"Shading Mode"},"sceneLighting":false,"audioPlay":false,"sceneViewState":{"showFog":true,"showMaterialUpdate":false,"showSkybox":true,"showFlares":true,"showImageEffects":true,"showParticleSystems":true},"in2DMode":false,"pivot":{"x":7.556632041931152,"y":-85.04136657714844,"z":5.973987579345703},"rotation":{"x":-0.15744276344776154,"y":-0.002962596947327256,"z":-0.0004723526362795383,"w":0.9875235557556152},"size":2.9715733528137209,"orthographic":false}