{"cameraMode":{"drawMode":0,"name":"Shaded","section":"Shading Mode"},"sceneLighting":false,"audioPlay":false,"sceneViewState":{"showFog":true,"showMaterialUpdate":false,"showSkybox":true,"showFlares":true,"showImageEffects":true,"showParticleSystems":true},"in2DMode":false,"pivot":{"x":12.846879005432129,"y":-86.27073669433594,"z":-2.809436082839966},"rotation":{"x":-0.05122667923569679,"y":0.656730592250824,"z":0.04479346051812172,"w":0.7510488033294678},"size":0.5715743899345398,"orthographic":false}